--------------------------------------------------------
--  File created - Monday-April-28-2025   
--------------------------------------------------------
--------------------------------------------------------
--  DDL for Table ASSIGNEDDEV
--------------------------------------------------------

  CREATE TABLE "TODOUSER"."ASSIGNEDDEV" 
   (	"TODOITEM_ID" NUMBER, 
	"EMPLOYEE_ID" NUMBER
   )  DEFAULT COLLATION "USING_NLS_COMP" SEGMENT CREATION IMMEDIATE 
  PCTFREE 10 PCTUSED 40 INITRANS 10 MAXTRANS 255 
 NOCOMPRESS LOGGING
  STORAGE(INITIAL 65536 NEXT 1048576 MINEXTENTS 1 MAXEXTENTS 2147483645
  PCTINCREASE 0 FREELISTS 1 FREELIST GROUPS 1
  BUFFER_POOL DEFAULT FLASH_CACHE DEFAULT CELL_FLASH_CACHE DEFAULT)
  TABLESPACE "DATA" ;
--------------------------------------------------------
--  DDL for Table EMPLOYEE
--------------------------------------------------------

  CREATE TABLE "TODOUSER"."EMPLOYEE" 
   (	"EMPLOYEE_ID" NUMBER GENERATED ALWAYS AS IDENTITY MINVALUE 1 MAXVALUE 9999999999999999999999999999 INCREMENT BY 1 START WITH 1 CACHE 20 NOORDER  NOCYCLE  NOKEEP  NOSCALE , 
	"NAME" VARCHAR2(4000 BYTE) COLLATE "USING_NLS_COMP", 
	"MANAGER_ID" NUMBER, 
	"EMAIL" VARCHAR2(320 BYTE) COLLATE "USING_NLS_COMP", 
	"PASSWORD" VARCHAR2(255 BYTE) COLLATE "USING_NLS_COMP", 
	"PROJECT_ID" NUMBER, 
	"TELEGRAM_ID" NUMBER(20,0)
   )  DEFAULT COLLATION "USING_NLS_COMP" SEGMENT CREATION IMMEDIATE 
  PCTFREE 10 PCTUSED 40 INITRANS 10 MAXTRANS 255 
 NOCOMPRESS LOGGING
  STORAGE(INITIAL 65536 NEXT 1048576 MINEXTENTS 1 MAXEXTENTS 2147483645
  PCTINCREASE 0 FREELISTS 1 FREELIST GROUPS 1
  BUFFER_POOL DEFAULT FLASH_CACHE DEFAULT CELL_FLASH_CACHE DEFAULT)
  TABLESPACE "DATA" ;
--------------------------------------------------------
--  DDL for Table PROJECT
--------------------------------------------------------

  CREATE TABLE "TODOUSER"."PROJECT" 
   (	"PROJECT_ID" NUMBER GENERATED ALWAYS AS IDENTITY MINVALUE 1 MAXVALUE 9999999999999999999999999999 INCREMENT BY 1 START WITH 1 CACHE 20 NOORDER  NOCYCLE  NOKEEP  NOSCALE , 
	"NAME" VARCHAR2(4000 BYTE) COLLATE "USING_NLS_COMP"
   )  DEFAULT COLLATION "USING_NLS_COMP" SEGMENT CREATION IMMEDIATE 
  PCTFREE 10 PCTUSED 40 INITRANS 10 MAXTRANS 255 
 NOCOMPRESS LOGGING
  STORAGE(INITIAL 65536 NEXT 1048576 MINEXTENTS 1 MAXEXTENTS 2147483645
  PCTINCREASE 0 FREELISTS 1 FREELIST GROUPS 1
  BUFFER_POOL DEFAULT FLASH_CACHE DEFAULT CELL_FLASH_CACHE DEFAULT)
  TABLESPACE "DATA" ;
--------------------------------------------------------
--  DDL for Table SPRINT
--------------------------------------------------------

  CREATE TABLE "TODOUSER"."SPRINT" 
   (	"SPRINT_ID" NUMBER GENERATED ALWAYS AS IDENTITY MINVALUE 1 MAXVALUE 9999999999999999999999999999 INCREMENT BY 1 START WITH 1 CACHE 20 NOORDER  NOCYCLE  NOKEEP  NOSCALE , 
	"PROJECT_ID" NUMBER, 
	"NAME" VARCHAR2(4000 BYTE) COLLATE "USING_NLS_COMP", 
	"START_DATE" DATE, 
	"END_DATE" DATE
   )  DEFAULT COLLATION "USING_NLS_COMP" SEGMENT CREATION IMMEDIATE 
  PCTFREE 10 PCTUSED 40 INITRANS 10 MAXTRANS 255 
 NOCOMPRESS LOGGING
  STORAGE(INITIAL 65536 NEXT 1048576 MINEXTENTS 1 MAXEXTENTS 2147483645
  PCTINCREASE 0 FREELISTS 1 FREELIST GROUPS 1
  BUFFER_POOL DEFAULT FLASH_CACHE DEFAULT CELL_FLASH_CACHE DEFAULT)
  TABLESPACE "DATA" ;
--------------------------------------------------------
--  DDL for Table SUBTODOITEM
--------------------------------------------------------

  CREATE TABLE "TODOUSER"."SUBTODOITEM" 
   (	"TODOITEM_ID" NUMBER, 
	"SUBTODOITEM_ID" NUMBER
   )  DEFAULT COLLATION "USING_NLS_COMP" SEGMENT CREATION IMMEDIATE 
  PCTFREE 10 PCTUSED 40 INITRANS 10 MAXTRANS 255 
 NOCOMPRESS LOGGING
  STORAGE(INITIAL 65536 NEXT 1048576 MINEXTENTS 1 MAXEXTENTS 2147483645
  PCTINCREASE 0 FREELISTS 1 FREELIST GROUPS 1
  BUFFER_POOL DEFAULT FLASH_CACHE DEFAULT CELL_FLASH_CACHE DEFAULT)
  TABLESPACE "DATA" ;
--------------------------------------------------------
--  DDL for Table TODOITEM
--------------------------------------------------------

  CREATE TABLE "TODOUSER"."TODOITEM" 
   (	"TODOITEM_ID" NUMBER GENERATED ALWAYS AS IDENTITY MINVALUE 1 MAXVALUE 9999999999999999999999999999 INCREMENT BY 1 START WITH 1 CACHE 20 NOORDER  NOCYCLE  NOKEEP  NOSCALE , 
	"NAME" VARCHAR2(255 BYTE) COLLATE "USING_NLS_COMP", 
	"STATUS" VARCHAR2(20 BYTE) COLLATE "USING_NLS_COMP" DEFAULT 'PENDING', 
	"MANAGER_ID" NUMBER, 
	"COMPLETION_TS" TIMESTAMP (6) WITH TIME ZONE, 
	"START_DATE" TIMESTAMP (6) WITH TIME ZONE, 
	"DEADLINE" TIMESTAMP (6) WITH TIME ZONE, 
	"SPRINT_ID" NUMBER, 
	"DESCRIPTION" VARCHAR2(4000 BYTE) COLLATE "USING_NLS_COMP", 
	"EST_HOURS" NUMBER
   )  DEFAULT COLLATION "USING_NLS_COMP" SEGMENT CREATION IMMEDIATE 
  PCTFREE 10 PCTUSED 40 INITRANS 10 MAXTRANS 255 
 NOCOMPRESS LOGGING
  STORAGE(INITIAL 65536 NEXT 1048576 MINEXTENTS 1 MAXEXTENTS 2147483645
  PCTINCREASE 0 FREELISTS 1 FREELIST GROUPS 1
  BUFFER_POOL DEFAULT FLASH_CACHE DEFAULT CELL_FLASH_CACHE DEFAULT)
  TABLESPACE "DATA" ;
REM INSERTING into TODOUSER.ASSIGNEDDEV
SET DEFINE OFF;
Insert into TODOUSER.ASSIGNEDDEV (TODOITEM_ID,EMPLOYEE_ID) values (1,6);
Insert into TODOUSER.ASSIGNEDDEV (TODOITEM_ID,EMPLOYEE_ID) values (2,4);
Insert into TODOUSER.ASSIGNEDDEV (TODOITEM_ID,EMPLOYEE_ID) values (3,5);
Insert into TODOUSER.ASSIGNEDDEV (TODOITEM_ID,EMPLOYEE_ID) values (4,1);
Insert into TODOUSER.ASSIGNEDDEV (TODOITEM_ID,EMPLOYEE_ID) values (4,2);
Insert into TODOUSER.ASSIGNEDDEV (TODOITEM_ID,EMPLOYEE_ID) values (4,3);
Insert into TODOUSER.ASSIGNEDDEV (TODOITEM_ID,EMPLOYEE_ID) values (4,5);
Insert into TODOUSER.ASSIGNEDDEV (TODOITEM_ID,EMPLOYEE_ID) values (4,6);
Insert into TODOUSER.ASSIGNEDDEV (TODOITEM_ID,EMPLOYEE_ID) values (5,1);
Insert into TODOUSER.ASSIGNEDDEV (TODOITEM_ID,EMPLOYEE_ID) values (5,4);
Insert into TODOUSER.ASSIGNEDDEV (TODOITEM_ID,EMPLOYEE_ID) values (6,3);
Insert into TODOUSER.ASSIGNEDDEV (TODOITEM_ID,EMPLOYEE_ID) values (7,6);
Insert into TODOUSER.ASSIGNEDDEV (TODOITEM_ID,EMPLOYEE_ID) values (8,3);
Insert into TODOUSER.ASSIGNEDDEV (TODOITEM_ID,EMPLOYEE_ID) values (8,4);
Insert into TODOUSER.ASSIGNEDDEV (TODOITEM_ID,EMPLOYEE_ID) values (9,1);
Insert into TODOUSER.ASSIGNEDDEV (TODOITEM_ID,EMPLOYEE_ID) values (9,3);
Insert into TODOUSER.ASSIGNEDDEV (TODOITEM_ID,EMPLOYEE_ID) values (9,4);
Insert into TODOUSER.ASSIGNEDDEV (TODOITEM_ID,EMPLOYEE_ID) values (9,6);
Insert into TODOUSER.ASSIGNEDDEV (TODOITEM_ID,EMPLOYEE_ID) values (13,6);
Insert into TODOUSER.ASSIGNEDDEV (TODOITEM_ID,EMPLOYEE_ID) values (21,3);
Insert into TODOUSER.ASSIGNEDDEV (TODOITEM_ID,EMPLOYEE_ID) values (22,3);
Insert into TODOUSER.ASSIGNEDDEV (TODOITEM_ID,EMPLOYEE_ID) values (61,1);
Insert into TODOUSER.ASSIGNEDDEV (TODOITEM_ID,EMPLOYEE_ID) values (81,2);
Insert into TODOUSER.ASSIGNEDDEV (TODOITEM_ID,EMPLOYEE_ID) values (82,2);
Insert into TODOUSER.ASSIGNEDDEV (TODOITEM_ID,EMPLOYEE_ID) values (83,2);
Insert into TODOUSER.ASSIGNEDDEV (TODOITEM_ID,EMPLOYEE_ID) values (84,2);
Insert into TODOUSER.ASSIGNEDDEV (TODOITEM_ID,EMPLOYEE_ID) values (85,3);
Insert into TODOUSER.ASSIGNEDDEV (TODOITEM_ID,EMPLOYEE_ID) values (86,3);
Insert into TODOUSER.ASSIGNEDDEV (TODOITEM_ID,EMPLOYEE_ID) values (87,3);
Insert into TODOUSER.ASSIGNEDDEV (TODOITEM_ID,EMPLOYEE_ID) values (88,3);
Insert into TODOUSER.ASSIGNEDDEV (TODOITEM_ID,EMPLOYEE_ID) values (89,5);
Insert into TODOUSER.ASSIGNEDDEV (TODOITEM_ID,EMPLOYEE_ID) values (90,2);
Insert into TODOUSER.ASSIGNEDDEV (TODOITEM_ID,EMPLOYEE_ID) values (91,6);
Insert into TODOUSER.ASSIGNEDDEV (TODOITEM_ID,EMPLOYEE_ID) values (92,4);
Insert into TODOUSER.ASSIGNEDDEV (TODOITEM_ID,EMPLOYEE_ID) values (93,4);
Insert into TODOUSER.ASSIGNEDDEV (TODOITEM_ID,EMPLOYEE_ID) values (161,3);
Insert into TODOUSER.ASSIGNEDDEV (TODOITEM_ID,EMPLOYEE_ID) values (162,3);
Insert into TODOUSER.ASSIGNEDDEV (TODOITEM_ID,EMPLOYEE_ID) values (163,3);
Insert into TODOUSER.ASSIGNEDDEV (TODOITEM_ID,EMPLOYEE_ID) values (164,3);
Insert into TODOUSER.ASSIGNEDDEV (TODOITEM_ID,EMPLOYEE_ID) values (165,3);
Insert into TODOUSER.ASSIGNEDDEV (TODOITEM_ID,EMPLOYEE_ID) values (166,1);
Insert into TODOUSER.ASSIGNEDDEV (TODOITEM_ID,EMPLOYEE_ID) values (167,1);
Insert into TODOUSER.ASSIGNEDDEV (TODOITEM_ID,EMPLOYEE_ID) values (168,6);
Insert into TODOUSER.ASSIGNEDDEV (TODOITEM_ID,EMPLOYEE_ID) values (169,6);
Insert into TODOUSER.ASSIGNEDDEV (TODOITEM_ID,EMPLOYEE_ID) values (170,6);
Insert into TODOUSER.ASSIGNEDDEV (TODOITEM_ID,EMPLOYEE_ID) values (171,4);
Insert into TODOUSER.ASSIGNEDDEV (TODOITEM_ID,EMPLOYEE_ID) values (172,4);
Insert into TODOUSER.ASSIGNEDDEV (TODOITEM_ID,EMPLOYEE_ID) values (173,4);
REM INSERTING into TODOUSER.EMPLOYEE
SET DEFINE OFF;
Insert into TODOUSER.EMPLOYEE (EMPLOYEE_ID,NAME,MANAGER_ID,EMAIL,PASSWORD,PROJECT_ID,TELEGRAM_ID) values (1,'Angel E.',null,'angel@gmail.com','AngelPassword',1,8078015604);
Insert into TODOUSER.EMPLOYEE (EMPLOYEE_ID,NAME,MANAGER_ID,EMAIL,PASSWORD,PROJECT_ID,TELEGRAM_ID) values (2,'Victor J.',1,'victor@gmail.com','victorPassword',1,null);
Insert into TODOUSER.EMPLOYEE (EMPLOYEE_ID,NAME,MANAGER_ID,EMAIL,PASSWORD,PROJECT_ID,TELEGRAM_ID) values (3,'Karen C.',1,'karen@gmail.com','karenPassword',1,null);
Insert into TODOUSER.EMPLOYEE (EMPLOYEE_ID,NAME,MANAGER_ID,EMAIL,PASSWORD,PROJECT_ID,TELEGRAM_ID) values (4,'Carlos M.',1,'carlos@gmail.com','carlosPassword',1,7654982218);
Insert into TODOUSER.EMPLOYEE (EMPLOYEE_ID,NAME,MANAGER_ID,EMAIL,PASSWORD,PROJECT_ID,TELEGRAM_ID) values (5,'Milan de A.',1,'milan@gmail.com','milanPassword',1,null);
Insert into TODOUSER.EMPLOYEE (EMPLOYEE_ID,NAME,MANAGER_ID,EMAIL,PASSWORD,PROJECT_ID,TELEGRAM_ID) values (6,'Valeria A.',1,'valeria@gmail.com','valeriaPassword',1,8176015732);
Insert into TODOUSER.EMPLOYEE (EMPLOYEE_ID,NAME,MANAGER_ID,EMAIL,PASSWORD,PROJECT_ID,TELEGRAM_ID) values (210,'Dont delete, needed for testing - Dev',null,'uniqueemail2@gmail.com','hardpassword',83,null);
Insert into TODOUSER.EMPLOYEE (EMPLOYEE_ID,NAME,MANAGER_ID,EMAIL,PASSWORD,PROJECT_ID,TELEGRAM_ID) values (206,'Dont delete, needed for testing',null,'uniqueemail@gmail.com','hardpassword',83,null);
REM INSERTING into TODOUSER.PROJECT
SET DEFINE OFF;
Insert into TODOUSER.PROJECT (PROJECT_ID,NAME) values (1,'TEAM 11 Oracle Java');
Insert into TODOUSER.PROJECT (PROJECT_ID,NAME) values (83,'Dont Delete, needed for testing');
REM INSERTING into TODOUSER.SPRINT
SET DEFINE OFF;
Insert into TODOUSER.SPRINT (SPRINT_ID,PROJECT_ID,NAME,START_DATE,END_DATE) values (22,1,'Sprint 2 (week 3 and 4)',to_date('07-APR-25','DD-MON-RR'),to_date('26-APR-25','DD-MON-RR'));
Insert into TODOUSER.SPRINT (SPRINT_ID,PROJECT_ID,NAME,START_DATE,END_DATE) values (1,1,'Sprint 1 (week 1 and 2)',to_date('24-MAR-25','DD-MON-RR'),to_date('04-APR-25','DD-MON-RR'));
Insert into TODOUSER.SPRINT (SPRINT_ID,PROJECT_ID,NAME,START_DATE,END_DATE) values (84,83,'Dont delete, needed for testing',to_date('25-APR-24','DD-MON-RR'),to_date('05-JUN-24','DD-MON-RR'));
Insert into TODOUSER.SPRINT (SPRINT_ID,PROJECT_ID,NAME,START_DATE,END_DATE) values (122,1,'Sprint 3 (week 5 and 6)',to_date('28-APR-25','DD-MON-RR'),to_date('19-MAY-25','DD-MON-RR'));
REM INSERTING into TODOUSER.SUBTODOITEM
SET DEFINE OFF;
Insert into TODOUSER.SUBTODOITEM (TODOITEM_ID,SUBTODOITEM_ID) values (9,5);
Insert into TODOUSER.SUBTODOITEM (TODOITEM_ID,SUBTODOITEM_ID) values (9,6);
Insert into TODOUSER.SUBTODOITEM (TODOITEM_ID,SUBTODOITEM_ID) values (9,7);
Insert into TODOUSER.SUBTODOITEM (TODOITEM_ID,SUBTODOITEM_ID) values (9,8);
Insert into TODOUSER.SUBTODOITEM (TODOITEM_ID,SUBTODOITEM_ID) values (124,125);
Insert into TODOUSER.SUBTODOITEM (TODOITEM_ID,SUBTODOITEM_ID) values (163,164);
Insert into TODOUSER.SUBTODOITEM (TODOITEM_ID,SUBTODOITEM_ID) values (163,165);
REM INSERTING into TODOUSER.TODOITEM
SET DEFINE OFF;
Insert into TODOUSER.TODOITEM (TODOITEM_ID,NAME,STATUS,MANAGER_ID,COMPLETION_TS,START_DATE,DEADLINE,SPRINT_ID,DESCRIPTION,EST_HOURS) values (124,'Dont delete, needed for testing TODOITEM 101','PENDING',206,null,to_timestamp_tz('25-APR-24 05.30.00.000000000 AM AMERICA/MEXICO_CITY','DD-MON-RR HH.MI.SSXFF AM TZR'),to_timestamp_tz('04-JUN-24 08.30.00.000000000 AM AMERICA/MEXICO_CITY','DD-MON-RR HH.MI.SSXFF AM TZR'),84,'This is a task created to test endpoints',3);
Insert into TODOUSER.TODOITEM (TODOITEM_ID,NAME,STATUS,MANAGER_ID,COMPLETION_TS,START_DATE,DEADLINE,SPRINT_ID,DESCRIPTION,EST_HOURS) values (62,'TESTING-CHILD','COMPLETED',1,to_timestamp_tz('14-APR-25 07.13.20.569819000 PM AMERICA/MEXICO_CITY','DD-MON-RR HH.MI.SSXFF AM TZR'),to_timestamp_tz('02-APR-24 05.30.00.000000000 AM AMERICA/MEXICO_CITY','DD-MON-RR HH.MI.SSXFF AM TZR'),to_timestamp_tz('02-APR-24 08.30.00.000000000 AM AMERICA/MEXICO_CITY','DD-MON-RR HH.MI.SSXFF AM TZR'),22,'This is a task created to test endpoints',3);
Insert into TODOUSER.TODOITEM (TODOITEM_ID,NAME,STATUS,MANAGER_ID,COMPLETION_TS,START_DATE,DEADLINE,SPRINT_ID,DESCRIPTION,EST_HOURS) values (81,'Create new endpoint','COMPLETED',1,to_timestamp_tz('23-APR-25 06.49.58.664701000 PM AMERICA/MEXICO_CITY','DD-MON-RR HH.MI.SSXFF AM TZR'),to_timestamp_tz('12-APR-25 06.00.00.000000000 PM AMERICA/MEXICO_CITY','DD-MON-RR HH.MI.SSXFF AM TZR'),to_timestamp_tz('18-APR-25 06.00.00.000000000 PM AMERICA/MEXICO_CITY','DD-MON-RR HH.MI.SSXFF AM TZR'),22,'Create endpoint get pending tasks by devId and SprintId',1);
Insert into TODOUSER.TODOITEM (TODOITEM_ID,NAME,STATUS,MANAGER_ID,COMPLETION_TS,START_DATE,DEADLINE,SPRINT_ID,DESCRIPTION,EST_HOURS) values (82,'Create new endpoint 2','COMPLETED',1,to_timestamp_tz('23-APR-25 06.50.03.347640000 PM AMERICA/MEXICO_CITY','DD-MON-RR HH.MI.SSXFF AM TZR'),to_timestamp_tz('12-APR-25 06.00.00.000000000 PM AMERICA/MEXICO_CITY','DD-MON-RR HH.MI.SSXFF AM TZR'),to_timestamp_tz('18-APR-25 06.00.00.000000000 PM AMERICA/MEXICO_CITY','DD-MON-RR HH.MI.SSXFF AM TZR'),22,'Create endpoint get completed tasks by devId and SprintId',1);
Insert into TODOUSER.TODOITEM (TODOITEM_ID,NAME,STATUS,MANAGER_ID,COMPLETION_TS,START_DATE,DEADLINE,SPRINT_ID,DESCRIPTION,EST_HOURS) values (83,'Create new endpoint 3','PENDING',1,null,to_timestamp_tz('13-APR-25 12.00.00.000000000 AM UTC','DD-MON-RR HH.MI.SSXFF AM TZR'),to_timestamp_tz('19-APR-25 12.00.00.000000000 AM UTC','DD-MON-RR HH.MI.SSXFF AM TZR'),22,'Create endpoint to get worked hours by devId and sprintId ',1);
Insert into TODOUSER.TODOITEM (TODOITEM_ID,NAME,STATUS,MANAGER_ID,COMPLETION_TS,START_DATE,DEADLINE,SPRINT_ID,DESCRIPTION,EST_HOURS) values (88,'Frontend dev page','PENDING',1,null,to_timestamp_tz('09-APR-25 12.00.00.000000000 AM UTC','DD-MON-RR HH.MI.SSXFF AM TZR'),to_timestamp_tz('19-APR-25 12.00.00.000000000 AM UTC','DD-MON-RR HH.MI.SSXFF AM TZR'),22,'Create toggle to switch from completed to pending tasks',2);
Insert into TODOUSER.TODOITEM (TODOITEM_ID,NAME,STATUS,MANAGER_ID,COMPLETION_TS,START_DATE,DEADLINE,SPRINT_ID,DESCRIPTION,EST_HOURS) values (92,'Backend/frontend integration','PENDING',1,null,to_timestamp_tz('20-APR-25 12.00.00.000000000 AM UTC','DD-MON-RR HH.MI.SSXFF AM TZR'),to_timestamp_tz('22-APR-25 12.00.00.000000000 AM UTC','DD-MON-RR HH.MI.SSXFF AM TZR'),22,'Integrate the new frontend and the changes to the backend',4);
Insert into TODOUSER.TODOITEM (TODOITEM_ID,NAME,STATUS,MANAGER_ID,COMPLETION_TS,START_DATE,DEADLINE,SPRINT_ID,DESCRIPTION,EST_HOURS) values (93,'Deployment','PENDING',1,null,to_timestamp_tz('22-APR-25 12.00.00.000000000 AM UTC','DD-MON-RR HH.MI.SSXFF AM TZR'),to_timestamp_tz('24-APR-25 12.00.00.000000000 AM UTC','DD-MON-RR HH.MI.SSXFF AM TZR'),22,'Deploy the application',4);
Insert into TODOUSER.TODOITEM (TODOITEM_ID,NAME,STATUS,MANAGER_ID,COMPLETION_TS,START_DATE,DEADLINE,SPRINT_ID,DESCRIPTION,EST_HOURS) values (13,'“Devops”','COMPLETED',1,null,to_timestamp_tz('04-APR-25 12.13.40.191986000 PM AMERICA/MEXICO_CITY','DD-MON-RR HH.MI.SSXFF AM TZR'),null,1,null,4);
Insert into TODOUSER.TODOITEM (TODOITEM_ID,NAME,STATUS,MANAGER_ID,COMPLETION_TS,START_DATE,DEADLINE,SPRINT_ID,DESCRIPTION,EST_HOURS) values (84,'Create new endpoint 4','PENDING',1,null,to_timestamp_tz('13-APR-25 12.00.00.000000000 AM UTC','DD-MON-RR HH.MI.SSXFF AM TZR'),to_timestamp_tz('19-APR-25 12.00.00.000000000 AM UTC','DD-MON-RR HH.MI.SSXFF AM TZR'),22,'Create endpoint to get worked hours by teamId and sprintId ',1);
Insert into TODOUSER.TODOITEM (TODOITEM_ID,NAME,STATUS,MANAGER_ID,COMPLETION_TS,START_DATE,DEADLINE,SPRINT_ID,DESCRIPTION,EST_HOURS) values (85,'Frontend manager page toggle','COMPLETED',1,to_timestamp_tz('18-APR-25 08.12.30.867792000 PM AMERICA/MEXICO_CITY','DD-MON-RR HH.MI.SSXFF AM TZR'),to_timestamp_tz('08-APR-25 06.00.00.000000000 PM AMERICA/MEXICO_CITY','DD-MON-RR HH.MI.SSXFF AM TZR'),to_timestamp_tz('18-APR-25 06.00.00.000000000 PM AMERICA/MEXICO_CITY','DD-MON-RR HH.MI.SSXFF AM TZR'),22,'Create a toggle to switch from completed to pending tasks',2);
Insert into TODOUSER.TODOITEM (TODOITEM_ID,NAME,STATUS,MANAGER_ID,COMPLETION_TS,START_DATE,DEADLINE,SPRINT_ID,DESCRIPTION,EST_HOURS) values (86,'Frontend manager page redirection','PENDING',1,null,to_timestamp_tz('09-APR-25 12.00.00.000000000 AM UTC','DD-MON-RR HH.MI.SSXFF AM TZR'),to_timestamp_tz('19-APR-25 12.00.00.000000000 AM UTC','DD-MON-RR HH.MI.SSXFF AM TZR'),22,'Create links to go to report of KPIs',0.5);
Insert into TODOUSER.TODOITEM (TODOITEM_ID,NAME,STATUS,MANAGER_ID,COMPLETION_TS,START_DATE,DEADLINE,SPRINT_ID,DESCRIPTION,EST_HOURS) values (87,'Frontend manager Filter','COMPLETED',1,to_timestamp_tz('18-APR-25 08.12.40.765007000 PM AMERICA/MEXICO_CITY','DD-MON-RR HH.MI.SSXFF AM TZR'),to_timestamp_tz('08-APR-25 06.00.00.000000000 PM AMERICA/MEXICO_CITY','DD-MON-RR HH.MI.SSXFF AM TZR'),to_timestamp_tz('18-APR-25 06.00.00.000000000 PM AMERICA/MEXICO_CITY','DD-MON-RR HH.MI.SSXFF AM TZR'),22,'Create filter to see tasks by specific developer',2);
Insert into TODOUSER.TODOITEM (TODOITEM_ID,NAME,STATUS,MANAGER_ID,COMPLETION_TS,START_DATE,DEADLINE,SPRINT_ID,DESCRIPTION,EST_HOURS) values (89,'Frontend charts page','COMPLETED',1,to_timestamp_tz('23-APR-25 06.51.53.493166000 PM AMERICA/MEXICO_CITY','DD-MON-RR HH.MI.SSXFF AM TZR'),to_timestamp_tz('12-APR-25 06.00.00.000000000 PM AMERICA/MEXICO_CITY','DD-MON-RR HH.MI.SSXFF AM TZR'),to_timestamp_tz('18-APR-25 06.00.00.000000000 PM AMERICA/MEXICO_CITY','DD-MON-RR HH.MI.SSXFF AM TZR'),22,'Create charts for the whole team by sprint',4);
Insert into TODOUSER.TODOITEM (TODOITEM_ID,NAME,STATUS,MANAGER_ID,COMPLETION_TS,START_DATE,DEADLINE,SPRINT_ID,DESCRIPTION,EST_HOURS) values (90,'Frontend charts page','PENDING',1,null,to_timestamp_tz('13-APR-25 12.00.00.000000000 AM UTC','DD-MON-RR HH.MI.SSXFF AM TZR'),to_timestamp_tz('19-APR-25 12.00.00.000000000 AM UTC','DD-MON-RR HH.MI.SSXFF AM TZR'),22,'Create charts for developer by sprint',4);
Insert into TODOUSER.TODOITEM (TODOITEM_ID,NAME,STATUS,MANAGER_ID,COMPLETION_TS,START_DATE,DEADLINE,SPRINT_ID,DESCRIPTION,EST_HOURS) values (91,'Telegram Kpi','COMPLETED',1,null,to_timestamp_tz('13-APR-25 12.00.00.000000000 AM UTC','DD-MON-RR HH.MI.SSXFF AM TZR'),to_timestamp_tz('19-APR-25 12.00.00.000000000 AM UTC','DD-MON-RR HH.MI.SSXFF AM TZR'),22,'Add functionality of KPI visualization for the Telegram Bot',4);
Insert into TODOUSER.TODOITEM (TODOITEM_ID,NAME,STATUS,MANAGER_ID,COMPLETION_TS,START_DATE,DEADLINE,SPRINT_ID,DESCRIPTION,EST_HOURS) values (1,'Sprint 1 (Project Administration)','COMPLETED',1,to_timestamp_tz('24-MAR-25 04.57.00.000000000 PM -06:00','DD-MON-RR HH.MI.SSXFF AM TZR'),to_timestamp_tz('24-MAR-25 12.00.00.000000000 AM UTC','DD-MON-RR HH.MI.SSXFF AM TZR'),to_timestamp_tz('01-APR-25 12.00.00.000000000 AM UTC','DD-MON-RR HH.MI.SSXFF AM TZR'),1,'Dear students, ir',2);
Insert into TODOUSER.TODOITEM (TODOITEM_ID,NAME,STATUS,MANAGER_ID,COMPLETION_TS,START_DATE,DEADLINE,SPRINT_ID,DESCRIPTION,EST_HOURS) values (2,'Sprint 1 (Challenge) (Ken)','PENDING',1,null,to_timestamp_tz('24-MAR-25 12.00.00.000000000 AM UTC','DD-MON-RR HH.MI.SSXFF AM TZR'),to_timestamp_tz('24-MAR-25 12.00.00.000000000 AM UTC','DD-MON-RR HH.MI.SSXFF AM TZR'),1,'For M12, this is',1);
Insert into TODOUSER.TODOITEM (TODOITEM_ID,NAME,STATUS,MANAGER_ID,COMPLETION_TS,START_DATE,DEADLINE,SPRINT_ID,DESCRIPTION,EST_HOURS) values (3,'Sprint 1 (Java) (Rodrigo)','COMPLETED',1,to_timestamp_tz('03-APR-25 10.57.00.000000000 AM -06:00','DD-MON-RR HH.MI.SSXFF AM TZR'),to_timestamp_tz('28-MAR-25 12.00.00.000000000 AM UTC','DD-MON-RR HH.MI.SSXFF AM TZR'),to_timestamp_tz('05-APR-25 12.00.00.000000000 AM UTC','DD-MON-RR HH.MI.SSXFF AM TZR'),1,'Implementado k',4);
Insert into TODOUSER.TODOITEM (TODOITEM_ID,NAME,STATUS,MANAGER_ID,COMPLETION_TS,START_DATE,DEADLINE,SPRINT_ID,DESCRIPTION,EST_HOURS) values (4,'Sprint 1 (Requirements) (Luis)','COMPLETED',1,to_timestamp_tz('04-APR-25 10.14.31.800664000 AM AMERICA/MEXICO_CITY','DD-MON-RR HH.MI.SSXFF AM TZR'),to_timestamp_tz('25-MAR-25 06.00.00.000000000 PM AMERICA/MEXICO_CITY','DD-MON-RR HH.MI.SSXFF AM TZR'),to_timestamp_tz('03-APR-25 06.00.00.000000000 AM AMERICA/MEXICO_CITY','DD-MON-RR HH.MI.SSXFF AM TZR'),1,'Definir los sprints con base a las historias de usuario',2);
Insert into TODOUSER.TODOITEM (TODOITEM_ID,NAME,STATUS,MANAGER_ID,COMPLETION_TS,START_DATE,DEADLINE,SPRINT_ID,DESCRIPTION,EST_HOURS) values (5,'Add task by developer','COMPLETED',1,to_timestamp_tz('01-APR-25 11.25.00.000000000 AM -06:00','DD-MON-RR HH.MI.SSXFF AM TZR'),to_timestamp_tz('24-MAR-25 12.00.00.000000000 AM UTC','DD-MON-RR HH.MI.SSXFF AM TZR'),to_timestamp_tz('04-APR-25 12.00.00.000000000 AM UTC','DD-MON-RR HH.MI.SSXFF AM TZR'),1,'Developer agrega tarea',4);
Insert into TODOUSER.TODOITEM (TODOITEM_ID,NAME,STATUS,MANAGER_ID,COMPLETION_TS,START_DATE,DEADLINE,SPRINT_ID,DESCRIPTION,EST_HOURS) values (6,'Assign task to sprint','PENDING',1,null,to_timestamp_tz('24-MAR-25 12.00.00.000000000 AM UTC','DD-MON-RR HH.MI.SSXFF AM TZR'),to_timestamp_tz('02-APR-25 12.00.00.000000000 AM UTC','DD-MON-RR HH.MI.SSXFF AM TZR'),1,'Se asigna todoitem a developer',2);
Insert into TODOUSER.TODOITEM (TODOITEM_ID,NAME,STATUS,MANAGER_ID,COMPLETION_TS,START_DATE,DEADLINE,SPRINT_ID,DESCRIPTION,EST_HOURS) values (7,'Reconocimiento usuario de Telegram (telefono /id) conexion con telegram','COMPLETED',1,to_timestamp_tz('03-APR-25 11.00.00.000000000 AM -06:00','DD-MON-RR HH.MI.SSXFF AM TZR'),to_timestamp_tz('24-MAR-25 12.00.00.000000000 AM UTC','DD-MON-RR HH.MI.SSXFF AM TZR'),to_timestamp_tz('04-APR-25 12.00.00.000000000 AM UTC','DD-MON-RR HH.MI.SSXFF AM TZR'),1,'Se puede conectar con telegram',4);
Insert into TODOUSER.TODOITEM (TODOITEM_ID,NAME,STATUS,MANAGER_ID,COMPLETION_TS,START_DATE,DEADLINE,SPRINT_ID,DESCRIPTION,EST_HOURS) values (8,'Complete task','COMPLETED',1,to_timestamp_tz('01-APR-25 04.52.00.000000000 PM -06:00','DD-MON-RR HH.MI.SSXFF AM TZR'),to_timestamp_tz('24-MAR-25 12.00.00.000000000 AM UTC','DD-MON-RR HH.MI.SSXFF AM TZR'),to_timestamp_tz('04-APR-25 12.00.00.000000000 AM UTC','DD-MON-RR HH.MI.SSXFF AM TZR'),1,'Una tarea se marca como completada',4);
Insert into TODOUSER.TODOITEM (TODOITEM_ID,NAME,STATUS,MANAGER_ID,COMPLETION_TS,START_DATE,DEADLINE,SPRINT_ID,DESCRIPTION,EST_HOURS) values (9,'Sprint 1 (Oracle Cloud Infrastructure) (Oswaldo)','COMPLETED',1,to_timestamp_tz('03-APR-25 05.15.00.000000000 PM -06:00','DD-MON-RR HH.MI.SSXFF AM TZR'),to_timestamp_tz('24-MAR-25 12.00.00.000000000 AM UTC','DD-MON-RR HH.MI.SSXFF AM TZR'),to_timestamp_tz('04-APR-25 12.00.00.000000000 AM UTC','DD-MON-RR HH.MI.SSXFF AM TZR'),1,'Avance de proyecto',8);
Insert into TODOUSER.TODOITEM (TODOITEM_ID,NAME,STATUS,MANAGER_ID,COMPLETION_TS,START_DATE,DEADLINE,SPRINT_ID,DESCRIPTION,EST_HOURS) values (61,'TESTING','COMPLETED',1,to_timestamp_tz('14-APR-25 07.13.36.243216000 PM AMERICA/MEXICO_CITY','DD-MON-RR HH.MI.SSXFF AM TZR'),to_timestamp_tz('02-APR-24 05.30.00.000000000 AM AMERICA/MEXICO_CITY','DD-MON-RR HH.MI.SSXFF AM TZR'),to_timestamp_tz('02-APR-24 08.30.00.000000000 AM AMERICA/MEXICO_CITY','DD-MON-RR HH.MI.SSXFF AM TZR'),22,'This is a task created to test endpoints',3);
Insert into TODOUSER.TODOITEM (TODOITEM_ID,NAME,STATUS,MANAGER_ID,COMPLETION_TS,START_DATE,DEADLINE,SPRINT_ID,DESCRIPTION,EST_HOURS) values (21,'Sprint 2 - Actualizar el progreso de tareas en jira','COMPLETED',1,to_timestamp_tz('23-APR-25 06.13.04.923162000 PM AMERICA/MEXICO_CITY','DD-MON-RR HH.MI.SSXFF AM TZR'),to_timestamp_tz('04-APR-25 12.00.00.000000000 PM AMERICA/MEXICO_CITY','DD-MON-RR HH.MI.SSXFF AM TZR'),to_timestamp_tz('11-APR-25 11.59.00.000000000 AM AMERICA/MEXICO_CITY','DD-MON-RR HH.MI.SSXFF AM TZR'),22,'Update progress of tasks',1);
Insert into TODOUSER.TODOITEM (TODOITEM_ID,NAME,STATUS,MANAGER_ID,COMPLETION_TS,START_DATE,DEADLINE,SPRINT_ID,DESCRIPTION,EST_HOURS) values (22,'Modify frontend','PENDING',1,null,to_timestamp_tz('05-APR-25 12.00.00.000000000 AM +06:00','DD-MON-RR HH.MI.SSXFF AM TZR'),to_timestamp_tz('11-APR-25 11.59.00.000000000 PM +06:00','DD-MON-RR HH.MI.SSXFF AM TZR'),22,'Modify the elements of the frontend',4);
Insert into TODOUSER.TODOITEM (TODOITEM_ID,NAME,STATUS,MANAGER_ID,COMPLETION_TS,START_DATE,DEADLINE,SPRINT_ID,DESCRIPTION,EST_HOURS) values (125,'Dont delete, needed for testing TODOITEM 102','PENDING',206,null,to_timestamp_tz('25-APR-24 05.30.00.000000000 AM AMERICA/MEXICO_CITY','DD-MON-RR HH.MI.SSXFF AM TZR'),to_timestamp_tz('04-JUN-24 08.30.00.000000000 AM AMERICA/MEXICO_CITY','DD-MON-RR HH.MI.SSXFF AM TZR'),84,'This is a task created to test endpoints',3);
Insert into TODOUSER.TODOITEM (TODOITEM_ID,NAME,STATUS,MANAGER_ID,COMPLETION_TS,START_DATE,DEADLINE,SPRINT_ID,DESCRIPTION,EST_HOURS) values (161,'Transform manager header into component','PENDING',1,null,to_timestamp_tz('28-APR-25 12.00.00.000000000 PM -06:00','DD-MON-RR HH.MI.SSXFF AM TZR'),to_timestamp_tz('02-MAY-25 12.00.00.000000000 PM -06:00','DD-MON-RR HH.MI.SSXFF AM TZR'),122,'Make the header of the manager visualization pages into a component',2);
Insert into TODOUSER.TODOITEM (TODOITEM_ID,NAME,STATUS,MANAGER_ID,COMPLETION_TS,START_DATE,DEADLINE,SPRINT_ID,DESCRIPTION,EST_HOURS) values (162,'Transform developer header into component','COMPLETED',1,to_timestamp_tz('28-APR-25 04.03.29.428433000 PM AMERICA/MEXICO_CITY','DD-MON-RR HH.MI.SSXFF AM TZR'),to_timestamp_tz('28-APR-25 12.00.00.000000000 PM AMERICA/MEXICO_CITY','DD-MON-RR HH.MI.SSXFF AM TZR'),to_timestamp_tz('28-APR-25 12.00.00.000000000 PM AMERICA/MEXICO_CITY','DD-MON-RR HH.MI.SSXFF AM TZR'),122,'Make the header of the developer visualization pages into a component',2);
Insert into TODOUSER.TODOITEM (TODOITEM_ID,NAME,STATUS,MANAGER_ID,COMPLETION_TS,START_DATE,DEADLINE,SPRINT_ID,DESCRIPTION,EST_HOURS) values (163,'Make carousel for selecting sprints','PENDING',1,null,to_timestamp_tz('28-APR-25 12.00.00.000000000 PM -06:00','DD-MON-RR HH.MI.SSXFF AM TZR'),to_timestamp_tz('06-MAY-25 12.00.00.000000000 PM -06:00','DD-MON-RR HH.MI.SSXFF AM TZR'),122,'Create the carousel for selecting history of sprints',5);
Insert into TODOUSER.TODOITEM (TODOITEM_ID,NAME,STATUS,MANAGER_ID,COMPLETION_TS,START_DATE,DEADLINE,SPRINT_ID,DESCRIPTION,EST_HOURS) values (164,'Create the button to redirect to carousel page','PENDING',1,null,to_timestamp_tz('28-APR-25 12.00.00.000000000 PM -06:00','DD-MON-RR HH.MI.SSXFF AM TZR'),to_timestamp_tz('06-MAY-25 12.00.00.000000000 PM -06:00','DD-MON-RR HH.MI.SSXFF AM TZR'),122,'Create a button in all manager pages to redirect to carousel selection page for sprint',1);
Insert into TODOUSER.TODOITEM (TODOITEM_ID,NAME,STATUS,MANAGER_ID,COMPLETION_TS,START_DATE,DEADLINE,SPRINT_ID,DESCRIPTION,EST_HOURS) values (165,'Make template for carousel','PENDING',1,null,to_timestamp_tz('28-APR-25 12.00.00.000000000 PM -06:00','DD-MON-RR HH.MI.SSXFF AM TZR'),to_timestamp_tz('06-MAY-25 12.00.00.000000000 PM -06:00','DD-MON-RR HH.MI.SSXFF AM TZR'),122,'Make a mock page (no backend connection) to select a different sprint',4);
Insert into TODOUSER.TODOITEM (TODOITEM_ID,NAME,STATUS,MANAGER_ID,COMPLETION_TS,START_DATE,DEADLINE,SPRINT_ID,DESCRIPTION,EST_HOURS) values (166,'New KPI Endpoint','PENDING',1,null,to_timestamp_tz('28-APR-25 12.00.00.000000000 PM -06:00','DD-MON-RR HH.MI.SSXFF AM TZR'),to_timestamp_tz('02-MAY-25 12.00.00.000000000 PM -06:00','DD-MON-RR HH.MI.SSXFF AM TZR'),122,'Create the endpoint of get % of overdue tasks by devId',1);
Insert into TODOUSER.TODOITEM (TODOITEM_ID,NAME,STATUS,MANAGER_ID,COMPLETION_TS,START_DATE,DEADLINE,SPRINT_ID,DESCRIPTION,EST_HOURS) values (167,'New KPI Endpoint','PENDING',1,null,to_timestamp_tz('28-APR-25 12.00.00.000000000 PM -06:00','DD-MON-RR HH.MI.SSXFF AM TZR'),to_timestamp_tz('02-MAY-25 12.00.00.000000000 PM -06:00','DD-MON-RR HH.MI.SSXFF AM TZR'),122,'Create the endpoint of get % of overdue tasks by devId and sprintId',2);
Insert into TODOUSER.TODOITEM (TODOITEM_ID,NAME,STATUS,MANAGER_ID,COMPLETION_TS,START_DATE,DEADLINE,SPRINT_ID,DESCRIPTION,EST_HOURS) values (168,'Login sprint info','PENDING',1,null,to_timestamp_tz('28-APR-25 12.00.00.000000000 PM -06:00','DD-MON-RR HH.MI.SSXFF AM TZR'),to_timestamp_tz('02-MAY-25 12.00.00.000000000 PM -06:00','DD-MON-RR HH.MI.SSXFF AM TZR'),122,'Make the telegram bot echo the info of the actual sprint when an authentication is made',1);
Insert into TODOUSER.TODOITEM (TODOITEM_ID,NAME,STATUS,MANAGER_ID,COMPLETION_TS,START_DATE,DEADLINE,SPRINT_ID,DESCRIPTION,EST_HOURS) values (169,'Change the endpoint of the telegram bot','PENDING',1,null,to_timestamp_tz('28-APR-25 12.00.00.000000000 PM -06:00','DD-MON-RR HH.MI.SSXFF AM TZR'),to_timestamp_tz('02-MAY-25 12.00.00.000000000 PM -06:00','DD-MON-RR HH.MI.SSXFF AM TZR'),122,'Make the telegram bot only return the tasks of the actual sprint',1);
Insert into TODOUSER.TODOITEM (TODOITEM_ID,NAME,STATUS,MANAGER_ID,COMPLETION_TS,START_DATE,DEADLINE,SPRINT_ID,DESCRIPTION,EST_HOURS) values (170,'Make better flow for task creation','PENDING',1,null,to_timestamp_tz('28-APR-25 12.00.00.000000000 PM -06:00','DD-MON-RR HH.MI.SSXFF AM TZR'),to_timestamp_tz('02-MAY-25 12.00.00.000000000 PM -06:00','DD-MON-RR HH.MI.SSXFF AM TZR'),122,'Make the telegram bot ask for all the needed information of a task',2);
Insert into TODOUSER.TODOITEM (TODOITEM_ID,NAME,STATUS,MANAGER_ID,COMPLETION_TS,START_DATE,DEADLINE,SPRINT_ID,DESCRIPTION,EST_HOURS) values (171,'Change flow of create task','PENDING',1,null,to_timestamp_tz('28-APR-25 12.00.00.000000000 PM -06:00','DD-MON-RR HH.MI.SSXFF AM TZR'),to_timestamp_tz('09-MAY-25 12.00.00.000000000 PM -06:00','DD-MON-RR HH.MI.SSXFF AM TZR'),122,'Make sure that there is the proper flow of task and subtask creation',2);
Insert into TODOUSER.TODOITEM (TODOITEM_ID,NAME,STATUS,MANAGER_ID,COMPLETION_TS,START_DATE,DEADLINE,SPRINT_ID,DESCRIPTION,EST_HOURS) values (172,'Connect Edit task endpoints','PENDING',1,null,to_timestamp_tz('28-APR-25 12.00.00.000000000 PM -06:00','DD-MON-RR HH.MI.SSXFF AM TZR'),to_timestamp_tz('02-MAY-25 12.00.00.000000000 PM -06:00','DD-MON-RR HH.MI.SSXFF AM TZR'),122,'Connect the endpoints of manager page to edit an existing task',2);
Insert into TODOUSER.TODOITEM (TODOITEM_ID,NAME,STATUS,MANAGER_ID,COMPLETION_TS,START_DATE,DEADLINE,SPRINT_ID,DESCRIPTION,EST_HOURS) values (173,'Connect carousel to backend','PENDING',1,null,to_timestamp_tz('06-MAY-25 12.00.00.000000000 PM -06:00','DD-MON-RR HH.MI.SSXFF AM TZR'),to_timestamp_tz('09-MAY-25 12.00.00.000000000 PM -06:00','DD-MON-RR HH.MI.SSXFF AM TZR'),122,'Connect the endpoints of manager page to edit an existing task',2);
--------------------------------------------------------
--  DDL for Index PK_ASSIGNEDDEV
--------------------------------------------------------

  CREATE UNIQUE INDEX "TODOUSER"."PK_ASSIGNEDDEV" ON "TODOUSER"."ASSIGNEDDEV" ("TODOITEM_ID", "EMPLOYEE_ID") 
  PCTFREE 10 INITRANS 20 MAXTRANS 255 COMPUTE STATISTICS 
  STORAGE(INITIAL 65536 NEXT 1048576 MINEXTENTS 1 MAXEXTENTS 2147483645
  PCTINCREASE 0 FREELISTS 1 FREELIST GROUPS 1
  BUFFER_POOL DEFAULT FLASH_CACHE DEFAULT CELL_FLASH_CACHE DEFAULT)
  TABLESPACE "DATA" ;
--------------------------------------------------------
--  DDL for Index SYS_C0045509
--------------------------------------------------------

  CREATE UNIQUE INDEX "TODOUSER"."SYS_C0045509" ON "TODOUSER"."EMPLOYEE" ("EMPLOYEE_ID") 
  PCTFREE 10 INITRANS 20 MAXTRANS 255 COMPUTE STATISTICS 
  STORAGE(INITIAL 65536 NEXT 1048576 MINEXTENTS 1 MAXEXTENTS 2147483645
  PCTINCREASE 0 FREELISTS 1 FREELIST GROUPS 1
  BUFFER_POOL DEFAULT FLASH_CACHE DEFAULT CELL_FLASH_CACHE DEFAULT)
  TABLESPACE "DATA" ;
--------------------------------------------------------
--  DDL for Index SYS_C0045510
--------------------------------------------------------

  CREATE UNIQUE INDEX "TODOUSER"."SYS_C0045510" ON "TODOUSER"."EMPLOYEE" ("EMAIL") 
  PCTFREE 10 INITRANS 20 MAXTRANS 255 COMPUTE STATISTICS 
  STORAGE(INITIAL 65536 NEXT 1048576 MINEXTENTS 1 MAXEXTENTS 2147483645
  PCTINCREASE 0 FREELISTS 1 FREELIST GROUPS 1
  BUFFER_POOL DEFAULT FLASH_CACHE DEFAULT CELL_FLASH_CACHE DEFAULT)
  TABLESPACE "DATA" ;
--------------------------------------------------------
--  DDL for Index SYS_C0045496
--------------------------------------------------------

  CREATE UNIQUE INDEX "TODOUSER"."SYS_C0045496" ON "TODOUSER"."PROJECT" ("PROJECT_ID") 
  PCTFREE 10 INITRANS 20 MAXTRANS 255 COMPUTE STATISTICS 
  STORAGE(INITIAL 65536 NEXT 1048576 MINEXTENTS 1 MAXEXTENTS 2147483645
  PCTINCREASE 0 FREELISTS 1 FREELIST GROUPS 1
  BUFFER_POOL DEFAULT FLASH_CACHE DEFAULT CELL_FLASH_CACHE DEFAULT)
  TABLESPACE "DATA" ;
--------------------------------------------------------
--  DDL for Index SYS_C0045502
--------------------------------------------------------

  CREATE UNIQUE INDEX "TODOUSER"."SYS_C0045502" ON "TODOUSER"."SPRINT" ("SPRINT_ID") 
  PCTFREE 10 INITRANS 20 MAXTRANS 255 COMPUTE STATISTICS 
  STORAGE(INITIAL 65536 NEXT 1048576 MINEXTENTS 1 MAXEXTENTS 2147483645
  PCTINCREASE 0 FREELISTS 1 FREELIST GROUPS 1
  BUFFER_POOL DEFAULT FLASH_CACHE DEFAULT CELL_FLASH_CACHE DEFAULT)
  TABLESPACE "DATA" ;
--------------------------------------------------------
--  DDL for Index PK_SUBTODOITEM
--------------------------------------------------------

  CREATE UNIQUE INDEX "TODOUSER"."PK_SUBTODOITEM" ON "TODOUSER"."SUBTODOITEM" ("TODOITEM_ID", "SUBTODOITEM_ID") 
  PCTFREE 10 INITRANS 20 MAXTRANS 255 COMPUTE STATISTICS 
  STORAGE(INITIAL 65536 NEXT 1048576 MINEXTENTS 1 MAXEXTENTS 2147483645
  PCTINCREASE 0 FREELISTS 1 FREELIST GROUPS 1
  BUFFER_POOL DEFAULT FLASH_CACHE DEFAULT CELL_FLASH_CACHE DEFAULT)
  TABLESPACE "DATA" ;
--------------------------------------------------------
--  DDL for Index SYS_C0045519
--------------------------------------------------------

  CREATE UNIQUE INDEX "TODOUSER"."SYS_C0045519" ON "TODOUSER"."TODOITEM" ("TODOITEM_ID") 
  PCTFREE 10 INITRANS 20 MAXTRANS 255 COMPUTE STATISTICS 
  STORAGE(INITIAL 65536 NEXT 1048576 MINEXTENTS 1 MAXEXTENTS 2147483645
  PCTINCREASE 0 FREELISTS 1 FREELIST GROUPS 1
  BUFFER_POOL DEFAULT FLASH_CACHE DEFAULT CELL_FLASH_CACHE DEFAULT)
  TABLESPACE "DATA" ;
--------------------------------------------------------
--  Constraints for Table ASSIGNEDDEV
--------------------------------------------------------

  ALTER TABLE "TODOUSER"."ASSIGNEDDEV" MODIFY ("TODOITEM_ID" NOT NULL ENABLE);
  ALTER TABLE "TODOUSER"."ASSIGNEDDEV" MODIFY ("EMPLOYEE_ID" NOT NULL ENABLE);
  ALTER TABLE "TODOUSER"."ASSIGNEDDEV" ADD CONSTRAINT "PK_ASSIGNEDDEV" PRIMARY KEY ("TODOITEM_ID", "EMPLOYEE_ID")
  USING INDEX PCTFREE 10 INITRANS 20 MAXTRANS 255 COMPUTE STATISTICS 
  STORAGE(INITIAL 65536 NEXT 1048576 MINEXTENTS 1 MAXEXTENTS 2147483645
  PCTINCREASE 0 FREELISTS 1 FREELIST GROUPS 1
  BUFFER_POOL DEFAULT FLASH_CACHE DEFAULT CELL_FLASH_CACHE DEFAULT)
  TABLESPACE "DATA"  ENABLE;
--------------------------------------------------------
--  Constraints for Table EMPLOYEE
--------------------------------------------------------

  ALTER TABLE "TODOUSER"."EMPLOYEE" MODIFY ("EMPLOYEE_ID" NOT NULL ENABLE);
  ALTER TABLE "TODOUSER"."EMPLOYEE" MODIFY ("NAME" NOT NULL ENABLE);
  ALTER TABLE "TODOUSER"."EMPLOYEE" MODIFY ("EMAIL" NOT NULL ENABLE);
  ALTER TABLE "TODOUSER"."EMPLOYEE" MODIFY ("PASSWORD" NOT NULL ENABLE);
  ALTER TABLE "TODOUSER"."EMPLOYEE" MODIFY ("PROJECT_ID" NOT NULL ENABLE);
  ALTER TABLE "TODOUSER"."EMPLOYEE" ADD PRIMARY KEY ("EMPLOYEE_ID")
  USING INDEX PCTFREE 10 INITRANS 20 MAXTRANS 255 COMPUTE STATISTICS 
  STORAGE(INITIAL 65536 NEXT 1048576 MINEXTENTS 1 MAXEXTENTS 2147483645
  PCTINCREASE 0 FREELISTS 1 FREELIST GROUPS 1
  BUFFER_POOL DEFAULT FLASH_CACHE DEFAULT CELL_FLASH_CACHE DEFAULT)
  TABLESPACE "DATA"  ENABLE;
  ALTER TABLE "TODOUSER"."EMPLOYEE" ADD UNIQUE ("EMAIL")
  USING INDEX PCTFREE 10 INITRANS 20 MAXTRANS 255 COMPUTE STATISTICS 
  STORAGE(INITIAL 65536 NEXT 1048576 MINEXTENTS 1 MAXEXTENTS 2147483645
  PCTINCREASE 0 FREELISTS 1 FREELIST GROUPS 1
  BUFFER_POOL DEFAULT FLASH_CACHE DEFAULT CELL_FLASH_CACHE DEFAULT)
  TABLESPACE "DATA"  ENABLE;
--------------------------------------------------------
--  Constraints for Table PROJECT
--------------------------------------------------------

  ALTER TABLE "TODOUSER"."PROJECT" MODIFY ("PROJECT_ID" NOT NULL ENABLE);
  ALTER TABLE "TODOUSER"."PROJECT" MODIFY ("NAME" NOT NULL ENABLE);
  ALTER TABLE "TODOUSER"."PROJECT" ADD PRIMARY KEY ("PROJECT_ID")
  USING INDEX PCTFREE 10 INITRANS 20 MAXTRANS 255 COMPUTE STATISTICS 
  STORAGE(INITIAL 65536 NEXT 1048576 MINEXTENTS 1 MAXEXTENTS 2147483645
  PCTINCREASE 0 FREELISTS 1 FREELIST GROUPS 1
  BUFFER_POOL DEFAULT FLASH_CACHE DEFAULT CELL_FLASH_CACHE DEFAULT)
  TABLESPACE "DATA"  ENABLE;
--------------------------------------------------------
--  Constraints for Table SPRINT
--------------------------------------------------------

  ALTER TABLE "TODOUSER"."SPRINT" MODIFY ("SPRINT_ID" NOT NULL ENABLE);
  ALTER TABLE "TODOUSER"."SPRINT" MODIFY ("PROJECT_ID" NOT NULL ENABLE);
  ALTER TABLE "TODOUSER"."SPRINT" MODIFY ("NAME" NOT NULL ENABLE);
  ALTER TABLE "TODOUSER"."SPRINT" MODIFY ("START_DATE" NOT NULL ENABLE);
  ALTER TABLE "TODOUSER"."SPRINT" MODIFY ("END_DATE" NOT NULL ENABLE);
  ALTER TABLE "TODOUSER"."SPRINT" ADD PRIMARY KEY ("SPRINT_ID")
  USING INDEX PCTFREE 10 INITRANS 20 MAXTRANS 255 COMPUTE STATISTICS 
  STORAGE(INITIAL 65536 NEXT 1048576 MINEXTENTS 1 MAXEXTENTS 2147483645
  PCTINCREASE 0 FREELISTS 1 FREELIST GROUPS 1
  BUFFER_POOL DEFAULT FLASH_CACHE DEFAULT CELL_FLASH_CACHE DEFAULT)
  TABLESPACE "DATA"  ENABLE;
--------------------------------------------------------
--  Constraints for Table SUBTODOITEM
--------------------------------------------------------

  ALTER TABLE "TODOUSER"."SUBTODOITEM" MODIFY ("TODOITEM_ID" NOT NULL ENABLE);
  ALTER TABLE "TODOUSER"."SUBTODOITEM" MODIFY ("SUBTODOITEM_ID" NOT NULL ENABLE);
  ALTER TABLE "TODOUSER"."SUBTODOITEM" ADD CONSTRAINT "PK_SUBTODOITEM" PRIMARY KEY ("TODOITEM_ID", "SUBTODOITEM_ID")
  USING INDEX PCTFREE 10 INITRANS 20 MAXTRANS 255 COMPUTE STATISTICS 
  STORAGE(INITIAL 65536 NEXT 1048576 MINEXTENTS 1 MAXEXTENTS 2147483645
  PCTINCREASE 0 FREELISTS 1 FREELIST GROUPS 1
  BUFFER_POOL DEFAULT FLASH_CACHE DEFAULT CELL_FLASH_CACHE DEFAULT)
  TABLESPACE "DATA"  ENABLE;
--------------------------------------------------------
--  Constraints for Table TODOITEM
--------------------------------------------------------

  ALTER TABLE "TODOUSER"."TODOITEM" MODIFY ("TODOITEM_ID" NOT NULL ENABLE);
  ALTER TABLE "TODOUSER"."TODOITEM" MODIFY ("NAME" NOT NULL ENABLE);
  ALTER TABLE "TODOUSER"."TODOITEM" MODIFY ("MANAGER_ID" NOT NULL ENABLE);
  ALTER TABLE "TODOUSER"."TODOITEM" MODIFY ("SPRINT_ID" NOT NULL ENABLE);
  ALTER TABLE "TODOUSER"."TODOITEM" MODIFY ("EST_HOURS" NOT NULL ENABLE);
  ALTER TABLE "TODOUSER"."TODOITEM" ADD CHECK (STATUS IN ('COMPLETED', 'PENDING', 'CANCELLED', 'REVIEWING')) ENABLE;
  ALTER TABLE "TODOUSER"."TODOITEM" ADD PRIMARY KEY ("TODOITEM_ID")
  USING INDEX PCTFREE 10 INITRANS 20 MAXTRANS 255 COMPUTE STATISTICS 
  STORAGE(INITIAL 65536 NEXT 1048576 MINEXTENTS 1 MAXEXTENTS 2147483645
  PCTINCREASE 0 FREELISTS 1 FREELIST GROUPS 1
  BUFFER_POOL DEFAULT FLASH_CACHE DEFAULT CELL_FLASH_CACHE DEFAULT)
  TABLESPACE "DATA"  ENABLE;
--------------------------------------------------------
--  Ref Constraints for Table ASSIGNEDDEV
--------------------------------------------------------

  ALTER TABLE "TODOUSER"."ASSIGNEDDEV" ADD CONSTRAINT "ASSIGNEDDEV_TODOITEM_FK" FOREIGN KEY ("TODOITEM_ID")
	  REFERENCES "TODOUSER"."TODOITEM" ("TODOITEM_ID") ON DELETE CASCADE ENABLE;
  ALTER TABLE "TODOUSER"."ASSIGNEDDEV" ADD CONSTRAINT "ASSIGNEDDEV_EMPLOYEE_FK" FOREIGN KEY ("EMPLOYEE_ID")
	  REFERENCES "TODOUSER"."EMPLOYEE" ("EMPLOYEE_ID") ON DELETE CASCADE ENABLE;
--------------------------------------------------------
--  Ref Constraints for Table EMPLOYEE
--------------------------------------------------------

  ALTER TABLE "TODOUSER"."EMPLOYEE" ADD CONSTRAINT "EMPLOYEE_PROJECT_FK" FOREIGN KEY ("PROJECT_ID")
	  REFERENCES "TODOUSER"."PROJECT" ("PROJECT_ID") ON DELETE CASCADE ENABLE;
  ALTER TABLE "TODOUSER"."EMPLOYEE" ADD CONSTRAINT "EMPLOYEE_EMPLOYEE_FK" FOREIGN KEY ("MANAGER_ID")
	  REFERENCES "TODOUSER"."EMPLOYEE" ("EMPLOYEE_ID") ENABLE;
--------------------------------------------------------
--  Ref Constraints for Table SPRINT
--------------------------------------------------------

  ALTER TABLE "TODOUSER"."SPRINT" ADD CONSTRAINT "SPRINT_FK" FOREIGN KEY ("PROJECT_ID")
	  REFERENCES "TODOUSER"."PROJECT" ("PROJECT_ID") ON DELETE CASCADE ENABLE;
--------------------------------------------------------
--  Ref Constraints for Table SUBTODOITEM
--------------------------------------------------------

  ALTER TABLE "TODOUSER"."SUBTODOITEM" ADD CONSTRAINT "SUBTODOITEM_TODOITEM_FK" FOREIGN KEY ("TODOITEM_ID")
	  REFERENCES "TODOUSER"."TODOITEM" ("TODOITEM_ID") ENABLE;
  ALTER TABLE "TODOUSER"."SUBTODOITEM" ADD CONSTRAINT "SUBTODOITEM_SUBTODOITEM_FK" FOREIGN KEY ("SUBTODOITEM_ID")
	  REFERENCES "TODOUSER"."TODOITEM" ("TODOITEM_ID") ENABLE;
--------------------------------------------------------
--  Ref Constraints for Table TODOITEM
--------------------------------------------------------

  ALTER TABLE "TODOUSER"."TODOITEM" ADD CONSTRAINT "TODOITEM_EMPLOYEE_FK" FOREIGN KEY ("MANAGER_ID")
	  REFERENCES "TODOUSER"."EMPLOYEE" ("EMPLOYEE_ID") ENABLE;
  ALTER TABLE "TODOUSER"."TODOITEM" ADD CONSTRAINT "TODOITEM_SPRINT_FK" FOREIGN KEY ("SPRINT_ID")
	  REFERENCES "TODOUSER"."SPRINT" ("SPRINT_ID") ENABLE;
